,Make,Total.Fatal.Injuries,Total.Serious.Injuries,Total.Minor.Injuries,Total.Uninjured,total_fatal_pct,total_serious_pct,total_minor_pct,total_uninjured_pct
0,BEECH,287.0,152.0,99.0,501.0,27.62271414821944,14.629451395572666,9.528392685274301,48.21944177093359
1,BOEING,2.0,13.0,5.0,53.0,2.73972602739726,17.80821917808219,6.8493150684931505,72.6027397260274
2,CESSNA,599.0,517.0,274.0,2397.0,15.81726960654872,13.651967256403486,7.235278584631635,63.29548455241616
3,PIPER,499.0,316.0,276.0,1444.0,19.684418145956606,12.465483234714004,10.887573964497042,56.96252465483235
4,STINSON,2.0,25.0,11.0,72.0,1.8181818181818181,22.727272727272727,10.0,65.45454545454545
5,TAYLORCRAFT,1.0,9.0,4.0,31.0,2.2222222222222223,20.0,8.88888888888889,68.88888888888889
